id,fid,queimada,latitude,longitude,epsg,swir22_last,nir08_last,ndvi_last
606319,606319,1,-15.75935625285332,-47.69186679343121,4326,2092,2150,2967
606929,606929,1,-15.975887423425934,-47.69376960779721,4326,1172,1011,2661
607927,607927,1,-15.975899628433517,-47.692795152181205,4326,1069,621,1930
608926,608926,1,-15.975353795473149,-47.69181323105389,4326,1116,774,2131
609923,609923,1,-15.975924025237756,-47.69084623842043,4326,1342,1114,2775
610918,610918,1,-15.977610320233223,-47.68989415895236,4326,1138,983,2700
611916,611916,1,-15.977622508969429,-47.68891969188247,4326,1333,1072,2167
612916,612916,1,-15.976518622751582,-47.68793031471428,4326,1593,1287,2440
613915,613915,1,-15.975972766013737,-47.68694839985883,4326,975,662,1737
614913,614913,1,-15.975984940195506,-47.685973938348056,4326,888,643,1819
615872,615872,1,-15.997760525017188,-47.68529009243218,4326,1997,1930,2777
616868,616868,1,-15.998888779496864,-47.684330434161,4326,1759,1116,1376
617867,617867,1,-15.998342922520305,-47.683348407075314,4326,2244,1540,1724
618866,618866,1,-15.997797060207564,-47.68236638484115,4326,1549,1269,2447
619863,619863,1,-15.998367266976809,-47.68139926076282,4326,2077,1367,1530
620860,620860,1,-15.998937470196378,-47.68043213074149,4326,2180,1463,1456
621858,621858,1,-15.998949631845075,-47.679457552787056,4326,2381,1811,1425
622857,622857,1,-15.998403750584195,-47.678475534996245,4326,1727,1103,1696
623899,623899,1,-15.973862148393073,-47.67717405169961,4326,1146,915,2525
624897,624897,1,-15.97387427676557,-47.676199591637314,4326,1459,1448,2718
625895,625895,1,-15.973886400723169,-47.67522513167072,4326,1244,1030,1990
627420,627420,1,-15.67980601917056,-47.67038353890237,4326,1707,1127,1660
628419,628419,1,-15.67925984102445,-47.66940322404064,4326,2013,1421,1797
629427,629427,1,-15.673691120691354,-47.668357628969325,4326,1289,1126,3278
630403,630403,1,-15.685980314858002,-47.66754416886727,4326,1473,1103,1879
631401,631401,1,-15.68599218766233,-47.66657108075406,4326,1172,1385,4046
632477,632477,1,-15.642475236706224,-47.66503329362302,4326,1673,1504,2937
633537,633537,1,-15.607887068928186,-47.66361297103647,4326,1376,2401,5341
635192,635192,1,-15.798209427075912,-47.664140467102015,4326,2220,1715,1576
636190,636190,1,-15.798221367300243,-47.663166842174725,4326,1566,1472,2646
639399,639399,1,-15.67827411295549,-47.65868511717807,4326,1937,2148,3304
640398,640398,1,-15.67772787625442,-47.657704832804384,4326,1621,983,2105
642876,642876,1,-15.96572109835972,-47.658548635705685,4326,1243,1694,4404
643873,643873,1,-15.966291186147508,-47.657581566226064,4326,1477,1120,1985
645436,645436,1,-15.650999711837668,-47.65249367838838,4326,1827,1724,1512
646434,646434,1,-15.651011492058768,-47.651520743931016,4326,1679,1413,1245
652100,652100,1,-15.830779421734816,-47.64801008767426,4326,2065,1609,1346
653098,653098,1,-15.830791313520525,-47.64703629321577,4326,2260,2059,1344
654093,654093,1,-15.832477386540443,-47.64608430374474,4326,1852,2104,1890
655095,655095,1,-15.830257021609222,-47.64508143863763,4326,2194,1669,1443
657408,657408,1,-15.653373083610152,-47.64084707954869,4326,1825,1562,1973
658403,658403,1,-15.655059035034649,-47.63989562228468,4326,1749,1513,2478
659400,659400,1,-15.65562883639356,-47.63892982250088,4326,1600,1507,2271
660397,660397,1,-15.656198634286753,-47.63796401691581,4326,1670,1433,2113
661392,661392,1,-15.657884578445024,-47.63701252463138,4326,1371,1307,2851
662391,662391,1,-15.657338219673957,-47.6360323883417,4326,1284,1006,1884
663389,663389,1,-15.65734993144061,-47.63505941092628,4326,1255,1061,2223
664388,664388,1,-15.656803562699109,-47.63407928118596,4326,1395,1359,2188
665387,665387,1,-15.656257188738136,-47.633099156181295,4326,1141,909,2047
666386,666386,1,-15.65571080955817,-47.632119035912304,4326,1138,1081,2892
667385,667385,1,-15.655164425170891,-47.6311389194469,4326,1311,1080,2258
668383,668383,1,-15.655176113627029,-47.630165948469575,4326,1204,1168,2445
669413,669413,1,-15.637329260779854,-47.62896472881971,4326,1443,1192,2468
670480,670480,1,-15.598833335780729,-47.62750086126249,4326,1794,2421,3030
671409,671409,1,-15.637352588170875,-47.627018951232095,4326,1686,1652,2124
672408,672408,1,-15.636806164577193,-47.62603894109223,4326,1426,1125,2619
675374,675374,1,-15.652467406130214,-47.62331952466623,4326,1204,2264,4875
676856,676856,1,-15.939340792723993,-47.62506847153831,4326,1734,1577,2461
677852,677852,1,-15.940468792566053,-47.624108657740656,4326,2168,2394,1643
678850,678850,1,-15.940480656478805,-47.62313431798261,4326,2014,1591,1711
680401,680401,1,-15.63187650367182,-47.61819193374867,4326,2140,1078,2180
681401,681401,1,-15.630771947642456,-47.61720487485635,4326,2224,1289,2293
682026,682026,1,-15.83894731278717,-47.61889665335471,4326,2233,2098,2954
683295,683295,1,-15.687719785738702,-47.615983591314446,4326,1179,936,2795
684293,684293,1,-15.687731430428354,-47.61501045432404,4326,1121,843,2753
685291,685291,1,-15.687743070796769,-47.61403731651918,4326,1148,880,2800
686290,686290,1,-15.687196622755934,-47.61305706895419,4326,1165,1552,4837
691892,691892,1,-15.90268548991268,-47.60997735478877,4326,1761,1548,2478
694869,694869,1,-15.912208087497694,-47.607177202420296,4326,1919,1927,2188
705823,705823,1,-15.925731194180903,-47.59663294498564,4326,1734,1249,1760
718225,718225,1,-15.688124778661628,-47.58192331216348,4326,2030,2148,1959
720778,720778,1,-15.934277952584964,-47.58212559353665,4326,1933,1866,1493
721929,721929,1,-15.848902131027389,-47.580062373057785,4326,2547,2664,2613
722880,722880,1,-15.875143978151598,-47.57942210086805,4326,1601,989,1879
723785,723785,1,-15.927057821837238,-47.57910985610996,4326,2450,1362,2259
724784,724784,1,-15.926511385521753,-47.57812841949083,4326,2367,1348,2260
725783,725783,1,-15.9259649439251,-47.57714698771965,4326,2208,1169,2208
726782,726782,1,-15.925418497047746,-47.576165560796426,4326,2303,1372,2120
727755,727755,1,-15.939382341300218,-47.57536929068135,4326,1464,1518,2957
728753,728753,1,-15.939393984190668,-47.5743949183241,4326,1367,847,1666
729860,729860,1,-15.878573748693675,-47.57264619252051,4326,3706,2094,2006
731937,731937,1,-15.83339126496899,-47.5701251937072,4326,2646,1730,2753
734704,734704,1,-15.9601130999174,-47.5688117852036,4326,1538,1702,3209
735701,735701,1,-15.960682818000436,-47.56784442162073,4326,2448,3446,3833
747221,747221,1,-15.658318323838456,-47.553326404033626,4326,1526,1413,3580
751406,751406,1,-15.550647139161434,-47.54810336043725,4326,1659,1005,2159
752406,752406,1,-15.549542135971418,-47.54711708585125,4326,1366,672,1768
753406,753406,1,-15.548437135713115,-47.54613082215245,4326,1889,1237,2326
754406,754406,1,-15.547332129355713,-47.54514456922876,4326,1960,1127,1989
758213,758213,1,-15.6506292475717,-47.5425262242091,4326,2723,2146,1669
759211,759211,1,-15.650640539378314,-47.54155320631062,4326,2497,1750,1460
760209,760209,1,-15.650651826873467,-47.54058018762103,4326,2495,1663,1496
761207,761207,1,-15.650663110057138,-47.53960716814064,4326,2520,1862,1525
762394,762394,1,-15.545189357281169,-47.53733696125454,4326,2450,1578,1820
763395,763395,1,-15.543526176716922,-47.53634393329156,4326,2428,1627,1785
764391,764391,1,-15.54465361715299,-47.535385078201664,4326,2357,1576,1769
765326,765326,1,-15.579826685800477,-47.53484333903244,4326,1672,1013,1710
766323,766323,1,-15.580396018313388,-47.533877493324695,4326,1707,927,1682
767389,767389,1,-15.54245465442384,-47.53244020892959,4326,2290,1491,1767
768316,768316,1,-15.582092798050676,-47.5319526243217,4326,2183,2059,2040
774963,774963,1,-15.77137474289094,-47.52747199637048,4326,1896,1610,1528
776315,776315,1,-15.573810322248985,-47.52406872953058,4326,2091,2289,2957
777161,777161,1,-15.658656802622534,-47.52413467604034,4326,2790,2690,2188
778157,778157,1,-15.659784268434306,-47.52317530938668,4326,2242,2037,1805
779156,779156,1,-15.659237355301352,-47.52219538357829,4326,1791,905,1892
780155,780155,1,-15.658690436973364,-47.521215463463065,4326,1699,1011,2093
781154,781154,1,-15.658143513461576,-47.52023554810883,4326,1559,1013,2182
782152,782152,1,-15.65815471154715,-47.51926247784103,4326,1837,1331,2450
783150,783150,1,-15.658165905318798,-47.51828940678893,4326,1806,1367,2444
784148,784148,1,-15.658177094776514,-47.51731633495284,4326,1791,1413,2254
785147,785147,1,-15.657630151883618,-47.51633642991351,4326,1688,999,1780
786146,786146,1,-15.657083203808794,-47.51535652963583,4326,1938,1351,1666
787145,787145,1,-15.656536250552518,-47.51437663411982,4326,1952,1103,1898
788145,788145,1,-15.655431162698946,-47.51338991994872,4326,2468,1391,2064
789143,789143,1,-15.655442328497523,-47.51241685737287,4326,2224,1477,2661
790141,790141,1,-15.655453489982875,-47.51144379401489,4326,2127,1594,2457
791139,791139,1,-15.655464647154991,-47.51047072987508,4326,2068,2669,2509
792138,792138,1,-15.654917668895855,-47.50949085235048,4326,1458,1297,2944
793140,793140,1,-15.65269629058144,-47.50849055121352,4326,2287,1015,2192
794153,794153,1,-15.64433544781752,-47.50741543713613,4326,1755,1358,1772
795302,795302,1,-15.560068125881378,-47.50541883262628,4326,2535,1468,2022
797297,797297,1,-15.560648388858464,-47.50348034684319,4326,2266,1415,2109
798295,798295,1,-15.56065944508306,-47.50250772365339,4326,2198,1212,2180
798909,798909,1,-15.7749937389741,-47.504146424870655,4326,944,2305,6278
799906,799906,1,-15.775563074120392,-47.503179637681065,4326,1170,1044,2700
800904,800904,1,-15.775574277628658,-47.50220599676936,4326,1242,985,2539
801640,801640,1,-15.921814093558194,-47.50303516930993,4326,3355,3401,2013
802638,802638,1,-15.921825397450329,-47.50206082684949,4326,2679,1678,2063
803637,803637,1,-15.92127857586189,-47.50107957224082,4326,2716,1848,2122
805249,805249,1,-15.578597240676196,-47.49591491006054,4326,2106,1579,1388
806247,806247,1,-15.57860827588523,-47.49494219685732,4326,1643,1043,1679
807245,807245,1,-15.57861930680304,-47.493969482878455,4326,1606,1018,1694
808244,808244,1,-15.578072191364868,-47.49299003426153,4326,1824,1277,1769
809242,809242,1,-15.57808321328586,-47.49201732135275,4326,1606,926,1833
811239,811239,1,-15.577547100905653,-47.490065168412976,4326,1714,1193,1730
811617,811617,1,-15.923601307972824,-47.49331237986855,4326,3137,4038,2524
812616,812616,1,-15.923054444468391,-47.4923311335228,4326,2751,2010,1703
813613,813613,1,-15.923623826044338,-47.49136366242609,4326,2802,2189,1746
814611,814611,1,-15.923635078493351,-47.49038930253564,4326,2156,1205,1913
815609,815609,1,-15.92364632655117,-47.48941494186612,4326,2069,1059,1892
816609,816609,1,-15.92254131739768,-47.4884268261502,4326,2195,1207,1998
817608,817608,1,-15.921994428972848,-47.48744559525668,4326,2070,1253,1693
819342,819342,1,-15.511215367271136,-47.48148761927379,4326,3003,2354,1814
820264,820264,1,-15.553645670849464,-47.4810228305183,4326,2019,2227,3509
821263,821263,1,-15.553098474287626,-47.48004353682384,4326,2246,2099,2210
822257,822257,1,-15.555342018732242,-47.47909766873959,4326,2558,2306,1774
823255,823255,1,-15.555352963683864,-47.47812505236409,4326,2126,1453,1808
824252,824252,1,-15.55592205430855,-47.47715911515817,4326,1647,959,1810
825250,825250,1,-15.555932991102363,-47.47618649462655,4326,1802,1090,1651
826248,826248,1,-15.555943923611276,-47.475213873325416,4326,1786,1109,1723
827245,827245,1,-15.556513002996482,-47.47424792361544,4326,2131,2000,1876
828243,828243,1,-15.5565239273467,-47.47327529815984,4326,1817,1769,2414
829136,829136,1,-15.61514064190643,-47.47300421944639,4326,1386,1291,3419
830135,830135,1,-15.614593451704238,-47.47202462435443,4326,1371,880,2316
831132,831132,1,-15.61516255546463,-47.47105841407238,4326,1726,978,2411
832127,832127,1,-15.616847955465833,-47.47010557445119,4326,1256,764,1497
833125,833125,1,-15.616858902721445,-47.469132661959314,4326,1451,965,2387
834125,834125,1,-15.615753544280045,-47.468146382795126,4326,1403,979,1895
835127,835127,1,-15.613531877306714,-47.46714675595344,4326,2139,1179,2018
836125,836125,1,-15.613542809204333,-47.46617385599164,4326,1558,663,1924
837123,837123,1,-15.613553736789784,-47.46520095619467,4326,1852,991,2152
838123,838123,1,-15.612448355025744,-47.46421471397304,4326,2131,1013,2437
839122,839122,1,-15.611901120208412,-47.46323515009814,4326,2023,960,2198
840121,840121,1,-15.6113538802397,-47.46225559097953,4326,1693,762,2240
841119,841119,1,-15.611364788981131,-47.461282698625325,4326,1745,855,2266
842120,842120,1,-15.609701230517675,-47.46028982816637,4326,1437,969,1809
846460,846460,1,-15.972550797258938,-47.45980171855709,4326,2336,2569,3310
847457,847457,1,-15.973120076782672,-47.45883391672376,4326,2250,1543,1970
848455,848455,1,-15.973131215939638,-47.4578592936973,4326,1975,1353,1780
849453,849453,1,-15.973142350701314,-47.456884668967554,4326,2000,1351,1939
850452,850452,1,-15.972595343448322,-47.45590323476197,4326,1881,1153,1856
851450,851450,1,-15.972606468978464,-47.45492861212333,4326,2128,1278,1461
852448,852448,1,-15.972617590102754,-47.45395398871601,4326,2106,1635,2079
853450,853450,1,-15.970396151207115,-47.45295216102066,4326,2387,1504,1658
854448,854448,1,-15.97040726188605,-47.45197754685902,4326,2651,1589,1735
855445,855445,1,-15.970976507927483,-47.45100972701501,4326,2790,1675,1742
856443,856443,1,-15.970987610203997,-47.45003510862279,4326,2793,1585,1854
857440,857440,1,-15.971556848627076,-47.4490672794267,4326,2866,1665,1931
858438,858438,1,-15.97156794250045,-47.44809265680495,4326,2850,1627,1837
859437,859437,1,-15.971020890600826,-47.447111248844415,4326,2440,1237,1769
860435,860435,1,-15.971031975255489,-47.44613662738541,4326,2663,1383,1937
861431,861431,1,-15.972159339837066,-47.445175563791054,4326,2662,1353,1847
862428,862428,1,-15.972728559020696,-47.44420771243122,4326,2890,1666,2024
863425,863425,1,-15.973297774591268,-47.443239854248894,4326,2950,1711,2015
864424,864424,1,-15.97275069994317,-47.44225844704664,4326,2675,1359,1936
865420,865420,1,-15.973878051187205,-47.441297352346695,4326,2556,1369,1776
866416,866416,1,-15.975005399524251,-47.440336247169554,4326,2785,2213,2166
867418,867418,1,-15.972783878265563,-47.43933454463546,4326,2522,1554,1849
868416,868416,1,-15.97279492889419,-47.438359908970334,4326,2474,1573,1822
869414,869414,1,-15.972805975116708,-47.43738527254168,4326,2475,1712,2120
870412,870412,1,-15.972817016933098,-47.436410635349816,4326,2122,2293,3354
871412,871412,1,-15.971711761946684,-47.43542249214333,4326,2365,1637,2076
872410,872410,1,-15.971722794139794,-47.43444785881759,4326,2358,1576,1957
873412,873412,1,-15.969501233510314,-47.43344623899716,4326,2248,1189,2083
874411,874411,1,-15.968954107682537,-47.43246487185897,4326,2025,1095,2066
895491,895491,1,-15.901089244281913,-47.41118388120045,4326,1898,1368,1742
901725,901725,1,-15.763845520329316,-47.40371303507245,4326,1946,1369,1314
934759,934759,1,-15.70837951908999,-47.370934667885535,4326,2258,2266,1882
949165,949165,1,-16.023353060398755,-47.35999522144952,4326,2174,2725,2930
962656,962656,1,-15.734909027617594,-47.3439791079993,4326,2256,2698,2183
917535,917535,0,-15.85220851345312,-47.38916953510935,4326,1966,2712,4811
918161,918161,0,-16.05985706300113,-47.39065736510914,4326,2990,3295,2846
919159,919159,0,-16.059867950606467,-47.3896822707343,4326,3041,3347,2765
920157,920157,0,-16.05987883376937,-47.388707176544045,4326,2933,3110,2896
921155,921155,0,-16.05988971250026,-47.387732081604575,4326,830,2837,7378
922153,922153,0,-16.05990058679911,-47.3867569859162,4326,705,2520,7542
923151,923151,0,-16.059911456665922,-47.385781889479226,4326,904,1995,6272
924149,924149,0,-16.059922322100665,-47.38480679229395,4326,632,2420,7651
925147,925147,0,-16.05993318310333,-47.38383169436068,4326,391,1620,6371
926145,926145,0,-16.0599440396739,-47.38285659567972,4326,1085,2543,6285
927143,927143,0,-16.059954891812367,-47.38188149625137,4326,2319,3521,4132
928141,928141,0,-16.059965739518702,-47.38090639607594,4326,1276,3488,5679
929139,929139,0,-16.059976582792906,-47.37993129515375,4326,2226,3021,3769
930137,930137,0,-16.059987421634954,-47.378956193485074,4326,2490,2740,2888
931135,931135,0,-16.059998256044825,-47.37798109107024,4326,2451,2710,2792
932133,932133,0,-16.060009086022518,-47.37700598790955,4326,2099,3313,3402
933131,933131,0,-16.060019911578376,-47.37603088306918,4326,3137,3521,2302
934129,934129,0,-16.060030732691644,-47.37505577841768,4326,1718,2755,4201
935127,935127,0,-16.06004154937268,-47.37408067302123,4326,2591,3524,3240
936125,936125,0,-16.060052361621477,-47.37310556688015,4326,3227,3647,2383
937123,937123,0,-16.060063169438013,-47.372130459994736,4326,3196,3534,2391
938121,938121,0,-16.06007397282227,-47.37115535236529,4326,3225,3545,2475
939119,939119,0,-16.060084771774232,-47.37018024399213,4326,3220,3671,2362
940117,940117,0,-16.060095566293892,-47.36920513487553,4326,983,3196,6781
941115,941115,0,-16.06010635638123,-47.36823002501583,4326,520,3333,8542
942113,942113,0,-16.06011714203623,-47.36725491441332,4326,2372,3507,4104
943111,943111,0,-16.06012792325888,-47.366279803068295,4326,2255,2368,3010
944109,944109,0,-16.060138700049166,-47.36530469098108,4326,2288,2519,3143
945107,945107,0,-16.06014947240706,-47.36432957815196,4326,2379,2738,3153
946105,946105,0,-16.06016024033256,-47.36335446458126,4326,1081,2742,6508
947103,947103,0,-16.06017100383597,-47.36237934933514,4326,960,2479,6245
948101,948101,0,-16.060181762896622,-47.361404234282176,4326,2342,2955,3310
949099,949099,0,-16.06019251752484,-47.36042911848853,4326,2518,2985,2874
950097,950097,0,-16.060203267720592,-47.359454001954525,4326,2605,2971,2795
951095,951095,0,-16.06021401348388,-47.35847888468045,4326,2837,3183,2726
952093,952093,0,-16.06022475481468,-47.35750376666661,4326,2844,3291,2855
953091,953091,0,-16.060235491712973,-47.35652864791332,4326,2024,2642,3493
954089,954089,0,-16.06024622417875,-47.35555352842088,4326,2086,2900,3650
955087,955087,0,-16.06025695221199,-47.3545784081896,4326,1015,2800,6568
956085,956085,0,-16.060267675812685,-47.35360328721978,4326,1480,2086,2968
957083,957083,0,-16.060278394980816,-47.352628165511724,4326,2688,2590,2350
958081,958081,0,-16.060289109716372,-47.35165304306574,4326,1300,2538,5613
959079,959079,0,-16.060299820019335,-47.35067791988213,4326,2029,2431,3382
960077,960077,0,-16.060310525889687,-47.3497027959612,4326,2793,2741,2745
961075,961075,0,-16.06032122733766,-47.34872767036912,4326,2784,2856,2807
962073,962073,0,-16.060331924342748,-47.34775254497446,4326,2836,3091,2256
963071,963071,0,-16.06034261691518,-47.3467774188434,4326,2276,3425,3397
964069,964069,0,-16.060353305054942,-47.34580229197625,4326,1126,2975,6319
965067,965067,0,-16.060363988762024,-47.34482716437329,4326,2057,3046,3789
966065,966065,0,-16.060374668036406,-47.34385203603485,4326,993,2612,6469
967063,967063,0,-16.060385342878078,-47.34287690696124,4326,1470,2908,5141
968061,968061,0,-16.060396013287015,-47.341901777152735,4326,1639,2532,3805
969059,969059,0,-16.060406679263213,-47.34092664660966,4326,1821,2693,3388
970057,970057,0,-16.060417340806648,-47.33995151533231,4326,2726,2683,2614
971055,971055,0,-16.060427997917312,-47.33897638332101,4326,2776,2482,2850
972053,972053,0,-16.06043865059519,-47.33800125057604,4326,2780,2488,2897
973051,973051,0,-16.060449298840265,-47.337026117097714,4326,2752,2499,2894
974049,974049,0,-16.060459942652514,-47.33605098288634,4326,2777,2539,2924
975047,975047,0,-16.060470582042132,-47.33507584700808,4326,2761,2541,2905
976045,976045,0,-16.060481216988702,-47.33410071133152,4326,2742,2569,2945
977043,977043,0,-16.06049184750241,-47.33312557492284,4326,2773,2589,2932
978041,978041,0,-16.060502473583234,-47.33215043778232,4326,2460,2871,2274
979039,979039,0,-16.06051309523117,-47.33117529991028,4326,2418,2810,2300
980037,980037,0,-16.060523712446194,-47.33020016130703,4326,2355,2719,2198
981035,981035,0,-16.060534325228303,-47.32922502197285,4326,2763,3068,1909
982033,982033,0,-16.060544933577468,-47.32824988190807,4326,2444,2804,2042
983031,983031,0,-16.060555537493684,-47.327274741112994,4326,2371,2734,2197
984029,984029,0,-16.06056613697693,-47.32629959958791,4326,2500,2808,1905
985027,985027,0,-16.060576732027197,-47.32532445733314,4326,2527,3027,2284
986025,986025,0,-16.06058732264447,-47.32434931434897,4326,2604,3235,2784
987023,987023,0,-16.060597908828722,-47.32337417063573,4326,2744,3158,2591
988021,988021,0,-16.060608490579952,-47.32239902619371,4326,3008,3522,2263
989019,989019,0,-16.060619067908274,-47.32142388008905,4326,2693,3201,2447
990017,990017,0,-16.0606296407934,-47.32044873419039,4326,2488,3090,2578
991015,991015,0,-16.060640209245452,-47.319473587563856,4326,2520,3104,2485
992013,992013,0,-16.06065077326442,-47.31849844020978,4326,2458,3064,2590
993011,993011,0,-16.06066133285029,-47.31752329212844,4326,2407,3046,2620
994009,994009,0,-16.060671888003043,-47.31654814332016,4326,2364,3025,2702
995007,995007,0,-16.060682438722665,-47.31557299378522,4326,2569,3186,2516
1,1,0,-16.04796498785157,-48.28738618198491,4326,1199,2548,5831
999,999,0,-16.04797994561103,-48.28641190712536,4326,1004,2163,6093
1997,1997,0,-16.04799489895515,-48.28543763123634,4326,1215,1953,4880
2995,2995,0,-16.04800984788393,-48.28446335431812,4326,1153,1950,4959
3993,3993,0,-16.04802479239733,-48.28348907637104,4326,1065,2241,5972
4991,4991,0,-16.048039732495344,-48.28251479739537,4326,1185,2035,5102
5989,5989,0,-16.048054668177937,-48.28154051739144,4326,1462,2116,4689
6987,6987,0,-16.048069599459406,-48.2805662354262,4326,1232,2538,5962
7985,7985,0,-16.048084526311108,-48.27959195336664,4326,938,2765,7015
8983,8983,0,-16.04809944874734,-48.2786176702797,4326,3232,3307,2268
9981,9981,0,-16.048114366768072,-48.277643386165714,4326,1758,2631,4345
10979,10979,0,-16.04812928037329,-48.276669101024986,4326,1237,2532,5668
11977,11977,0,-16.048144189562965,-48.27569481485779,4326,1223,2492,5827
12975,12975,0,-16.04815909433708,-48.274720527664456,4326,1093,2799,5835
13973,13973,0,-16.04817399469562,-48.27374623944528,4326,2179,2623,2583
14971,14971,0,-16.048188890638556,-48.27277195020057,4326,2145,2737,3302
15969,15969,0,-16.048203782165867,-48.27179765993062,4326,2210,2839,2895
16967,16967,0,-16.048218669277542,-48.27082336863574,4326,2300,3208,2935
17965,17965,0,-16.048233551973553,-48.26984907631623,4326,2597,3446,2741
18963,18963,0,-16.048248430253878,-48.2688747829724,4326,1900,2462,3792
19961,19961,0,-16.048263304118496,-48.26790048860455,4326,1784,2603,3518
20959,20959,0,-16.048278173581632,-48.26692619227962,4326,1446,2515,4677
21957,21957,0,-16.04829303861477,-48.26595189586463,4326,2475,3574,3130
22955,22955,0,-16.048307899232142,-48.26497759842653,4326,892,2735,7008
23953,23953,0,-16.04832275543373,-48.26400329996563,4326,1578,2872,5745
24951,24951,0,-16.048337607219505,-48.26302900048223,4326,2581,2577,3242
25949,25949,0,-16.048352454589452,-48.262054699976616,4326,2038,2575,3873
26947,26947,0,-16.048367297543543,-48.26108039844912,4326,2392,2583,2979
27945,27945,0,-16.048382136081763,-48.26010609590003,4326,2264,2638,2670
28943,28943,0,-16.048396970204095,-48.25913179232965,4326,2040,2401,2583
29941,29941,0,-16.04841179991051,-48.25815748773828,4326,1701,2106,2607
30939,30939,0,-16.04842662520099,-48.25718318212624,4326,1556,2464,4100
31937,31937,0,-16.04844144607552,-48.25620887549381,4326,1622,2219,3829
32935,32935,0,-16.04845626253407,-48.25523456784131,4326,1502,2425,4529
33933,33933,0,-16.04847107457662,-48.25426025916904,4326,643,2520,7878
34931,34931,0,-16.048485882217342,-48.25328594854395,4326,611,2837,8297
35929,35929,0,-16.048500685427836,-48.252311637833046,4326,992,2708,6442
36927,36927,0,-16.048515484222268,-48.25133732610329,4326,1881,2178,3758
37925,37925,0,-16.048530278600627,-48.25036301335498,4326,2073,2160,3174
38923,38923,0,-16.048545068562884,-48.249388699588415,4326,1424,2580,4522
39921,39921,0,-16.048559854109012,-48.24841438480389,4326,1386,2637,4723
40919,40919,0,-16.048574635239014,-48.24744006900174,4326,1759,3236,3582
41917,41917,0,-16.04858941195284,-48.24646575218224,4326,2274,2709,3118
42915,42915,0,-16.048604184250486,-48.2454914343457,4326,1884,2056,3433
43913,43913,0,-16.048618952131932,-48.24451711549243,4326,2034,2109,3189
44911,44911,0,-16.048633715597152,-48.24354279562273,4326,1728,2219,4283
45909,45909,0,-16.048648474646125,-48.2425684747369,4326,1514,2172,5020
46907,46907,0,-16.04866322927883,-48.241594152835255,4326,1919,2337,2635
47905,47905,0,-16.04867797949525,-48.24061982991808,4326,2050,2227,2086
48903,48903,0,-16.04869272530949,-48.23964550505232,4326,2093,2310,2028
49901,49901,0,-16.048707466693273,-48.23867118010502,4326,1719,2504,3422
50899,50899,0,-16.048722203660702,-48.23769685414311,4326,1712,2219,3173
51897,51897,0,-16.048736936211768,-48.2367225271669,4326,2143,2390,2695
52895,52895,0,-16.048751664346444,-48.23574819917669,4326,2549,2603,2654
53893,53893,0,-16.04876638806471,-48.23477387017279,4326,2764,2665,2582
54891,54891,0,-16.04878110736654,-48.23379954015547,4326,2836,2705,2365
55889,55889,0,-16.04879582225192,-48.23282520912509,4326,2799,2748,2378
56887,56887,0,-16.04881053272083,-48.23185087708191,4326,2128,2084,2320
57885,57885,0,-16.048825238773244,-48.230876544026245,4326,2041,2250,2776
58883,58883,0,-16.048839940409145,-48.2299022099584,4326,1757,2604,4426
59881,59881,0,-16.048854637628512,-48.22892787487869,4326,1698,2521,4360
60879,60879,0,-16.048869330431327,-48.2279535387874,4326,1698,2678,4570
61877,61877,0,-16.048884018817567,-48.22697920168485,4326,728,3109,7786
62875,62875,0,-16.048898702801267,-48.226004862637936,4326,723,3207,7971
63873,63873,0,-16.04891338235429,-48.22503052351375,4326,737,3257,7905
64871,64871,0,-16.048928057490667,-48.22405618337922,4326,775,3356,7922
65869,65869,0,-16.048942728210402,-48.22308184223463,4326,1611,2258,4273
66867,66867,0,-16.048957394513444,-48.22210750008029,4326,1338,2191,5115
67865,67865,0,-16.04897205639979,-48.2211331569165,4326,1497,1967,3955
68863,68863,0,-16.04898671386942,-48.22015881274357,4326,1637,2466,4527
69861,69861,0,-16.049001366922315,-48.2191844675618,4326,1666,2531,4454
70859,70859,0,-16.04901601555844,-48.21821012137151,4326,1509,2841,5176
71857,71857,0,-16.049030659777788,-48.21723577417297,4326,1565,2727,4828
72864,72864,0,-16.044025415707292,-48.21618079304297,4326,1442,2222,4852
73863,73863,0,-16.04348228069678,-48.21519751340743,4326,1375,1602,4322
74858,74858,0,-16.04517020455644,-48.21425004740325,4326,1600,1409,3230
75856,75856,0,-16.04518482736416,-48.21327571509494,4326,1174,2530,6124
76853,76853,0,-16.045757212852507,-48.21231032854397,4326,1330,1796,4583
77848,77848,0,-16.047445130011088,-48.21136282861978,4326,1554,1582,3556
78843,78843,0,-16.049133045655626,-48.21041531464488,4326,1337,1018,2560
79841,79841,0,-16.04914765453999,-48.20944095939143,4326,873,2512,7140
80866,80866,0,-16.034102483683426,-48.20822537374936,4326,1556,1982,4066
81864,81864,0,-16.034117069318448,-48.20725108943616,4326,1579,2442,4360
82835,82835,0,-16.049191454691183,-48.20651788759931,4326,1452,1860,4368
83833,83833,0,-16.049206045907557,-48.20554352832569,4326,1485,2365,4813
84831,84831,0,-16.049220632706884,-48.20456916804779,4326,1523,2468,4646
85829,85829,0,-16.04923521508914,-48.20359480676592,4326,1369,2605,5176
86827,86827,0,-16.04924979305431,-48.20262044448036,4326,1102,2200,5965
87825,87825,0,-16.04926436660237,-48.20164608119144,4326,1459,1878,4524
88824,88824,0,-16.04872116244961,-48.20066279952554,4326,1254,2273,5478
89821,89821,0,-16.049293500447085,-48.19969735160468,4326,1148,1650,5165
90819,90819,0,-16.049308060757642,-48.19872298437405,4326,1571,2187,4326
91817,91817,0,-16.049322616637063,-48.197748617074666,4326,1546,1886,3852
92815,92815,0,-16.04933716809927,-48.19677424877344,4326,1740,1996,3532
93813,93813,0,-16.049351715144248,-48.19579987947066,4326,1711,2051,3646
94811,94811,0,-16.049366257771972,-48.19482550916664,4326,1510,2356,4633
95809,95809,0,-16.049380795982426,-48.19385113786167,4326,1473,2307,4587
96807,96807,0,-16.04939532977558,-48.19287676555606,4326,2343,3087,2129
97805,97805,0,-16.04940985915143,-48.19190239225013,4326,2301,3881,2808
98803,98803,0,-16.049424384109948,-48.19092801794415,4326,1623,2798,4808
99801,99801,0,-16.04943890465111,-48.18995364263846,4326,1955,3198,3862
100799,100799,0,-16.0494534207749,-48.18897926633334,4326,1561,2900,4485
101797,101797,0,-16.049467932481292,-48.188004889029095,4326,1103,2813,6359
102795,102795,0,-16.049482439770276,-48.187030510726046,4326,1346,2664,5461
103793,103793,0,-16.04949694264182,-48.18605613142448,4326,1377,2877,5699
104791,104791,0,-16.049511441109797,-48.18508175019127,4326,1042,2490,6408
105789,105789,0,-16.04952593514641,-48.18410736889359,4326,1915,2741,4031
106787,106787,0,-16.04954042476552,-48.18313298659831,4326,1431,2552,5290
107785,107785,0,-16.049554909967124,-48.18215860330573,4326,2328,3204,3021
108783,108783,0,-16.049569390751188,-48.18118421901616,4326,2225,2409,2899
109781,109781,0,-16.049583867117693,-48.1802098337299,4326,2961,3161,2376
110779,110779,0,-16.049598339066623,-48.179235447447255,4326,1467,3295,5784
111777,111777,0,-16.049612806597956,-48.17826106016852,4326,1473,2802,5052
112775,112775,0,-16.049627269711674,-48.17728667189402,4326,1267,2207,5337
113773,113773,0,-16.04964172840775,-48.17631228262404,4326,1411,2044,4369
114771,114771,0,-16.049656182686174,-48.17533789235889,4326,1426,2028,4015
115769,115769,0,-16.049670632546913,-48.17436350109888,4326,1568,2156,3945
116767,116767,0,-16.049685077989956,-48.17338910884429,4326,1697,2264,3792
117765,117765,0,-16.049699519015277,-48.17241471559545,4326,1662,2344,4167
118763,118763,0,-16.04971395563669,-48.171440320419215,4326,1769,2344,3711
119761,119761,0,-16.049728387826516,-48.17046592518277,4326,2004,2107,1927
